Team,G,MP,FG,FGA,FG%,3P,3PA,3P%,2P,2PA,2P%,FT,FTA,FT%,ORB,DRB,TRB,AST,STL,BLK,TOV,PF,PTS,Age,W,L,PW,PL,MOV,SOS,SRS,ORtg,DRtg,NRtg,Pace,FTr,3PAr,TS%,Unnamed: 17_level_1,eFG%,TOV%,ORB%,FT/FGA,Unnamed: 22_level_1,eFG%,TOV%,DRB%,FT/FGA,Unnamed: 27_level_1,Arena,Attend.,Attend./G
Denver Nuggets*,66,243.0,39.0,81.9,0.476,6.6,19.9,0.332,32.4,62.0,0.522,19.6,26.7,0.735,11.2,31.9,43.1,24.0,8.2,5.0,15.4,19.7,104.1,26.6,38.0,28.0,39,27,2.88,0.29,3.16,109.2,106.2,3.0,94.2,0.326,0.243,0.556,,0.516,14.1,27.7,0.239,,0.508,14.3,74.3,0.185,,Pepsi Center,561966,17029
San Antonio Spurs*,66,241.5,39.6,82.8,0.478,8.4,21.3,0.393,31.2,61.5,0.507,16.2,21.6,0.748,10.3,32.6,43.0,23.2,7.4,4.4,13.6,17.3,103.7,27.5,50.0,16.0,48,18,7.17,0.11,7.28,110.9,103.2,7.7,92.9,0.261,0.257,0.562,,0.528,12.8,25.1,0.195,,0.489,12.9,76.0,0.168,,AT&T Center,607095,18397
Oklahoma City Thunder*,66,242.3,37.3,79.2,0.471,7.2,20.0,0.358,30.2,59.3,0.509,21.3,26.4,0.806,11.0,32.7,43.7,18.5,7.5,8.2,16.3,20.5,103.1,25.1,47.0,19.0,46,20,6.12,0.32,6.44,109.8,103.2,6.6,93.0,0.334,0.252,0.567,,0.516,15.3,27.8,0.269,,0.465,13.0,72.1,0.207,,Chesapeake Energy Arena,600699,18203
Utah Jazz*,66,244.9,38.2,83.8,0.456,4.1,12.8,0.323,34.1,71.0,0.48,19.1,25.3,0.754,13.0,31.1,44.2,21.8,8.3,5.8,14.2,21.8,99.7,25.6,36.0,30.0,34,32,0.62,0.3,0.92,106.8,106.1,0.7,91.4,0.302,0.153,0.525,,0.481,13.0,30.2,0.227,,0.493,13.8,73.8,0.245,,EnergySolutions Arena,637124,19307
Milwaukee Bucks,66,240.4,37.9,85.6,0.443,6.6,19.2,0.345,31.3,66.5,0.471,16.6,21.4,0.774,12.4,30.0,42.5,23.5,8.3,5.1,14.1,19.3,99.0,26.2,31.0,35.0,34,32,0.27,-0.5,-0.23,105.5,105.2,0.3,93.7,0.25,0.224,0.521,,0.481,12.9,27.7,0.194,,0.489,14.6,70.9,0.217,,Bradley Center,485717,14719
Sacramento Kings,66,241.1,37.7,86.5,0.436,6.2,19.7,0.316,31.5,66.8,0.471,17.1,23.2,0.736,13.4,29.5,42.9,19.3,8.5,4.9,14.4,19.5,98.8,24.3,22.0,44.0,21,45,-5.68,0.73,-4.95,103.8,109.8,-6.0,94.7,0.268,0.228,0.51,,0.472,13.0,29.1,0.197,,0.515,13.9,70.5,0.199,,Power Balance Pavilion,478764,14508
Miami Heat*,66,243.0,37.1,79.0,0.469,5.6,15.6,0.359,31.5,63.4,0.496,18.8,24.2,0.775,10.4,31.2,41.6,20.0,8.9,5.4,15.2,19.4,98.5,28.3,46.0,20.0,47,19,5.98,-0.27,5.72,106.6,100.2,6.4,91.2,0.307,0.198,0.549,,0.505,14.5,26.6,0.238,,0.479,15.8,73.9,0.2,,AmericanAirlines Arena,657855,19935
Phoenix Suns,66,240.0,37.8,82.5,0.458,6.7,19.6,0.343,31.1,62.9,0.494,16.0,21.2,0.757,10.9,30.8,41.7,22.5,6.5,5.5,14.1,18.7,98.4,28.9,33.0,33.0,32,34,-0.24,0.53,0.29,106.2,106.5,-0.3,92.6,0.257,0.238,0.536,,0.499,13.3,25.8,0.194,,0.491,13.1,71.7,0.2,,US Airways Center,514718,15598
Houston Rockets,66,243.4,37.7,84.0,0.449,7.2,20.2,0.359,30.5,63.8,0.477,15.4,19.7,0.782,11.7,30.5,42.2,21.3,7.5,4.8,14.5,20.4,98.1,26.2,34.0,32.0,34,32,0.23,0.35,0.57,105.5,105.2,0.3,91.7,0.235,0.24,0.529,,0.492,13.5,27.5,0.184,,0.49,13.8,73.4,0.21,,Toyota Center,506994,15363
Minnesota Timberwolves,66,241.5,35.7,82.3,0.433,7.2,21.6,0.332,28.5,60.8,0.469,19.4,25.2,0.771,12.1,31.7,43.7,19.5,6.6,4.4,15.2,18.4,97.9,24.4,26.0,40.0,28,38,-2.2,0.37,-1.83,104.3,106.6,-2.3,93.3,0.306,0.262,0.524,,0.477,14.0,27.5,0.236,,0.491,12.2,73.0,0.187,,Target Center,577197,17491
Golden State Warriors,66,241.1,37.7,82.5,0.457,7.9,20.5,0.388,29.8,62.0,0.48,14.4,18.7,0.77,9.7,29.5,39.2,22.3,8.0,5.5,13.9,21.4,97.8,25.3,23.0,43.0,25,41,-3.41,0.62,-2.79,105.4,109.1,-3.7,92.3,0.227,0.248,0.539,,0.505,13.3,22.9,0.175,,0.496,13.6,69.1,0.237,,Oracle Arena,622311,18858
New York Knicks*,66,241.5,35.8,80.8,0.443,7.8,23.3,0.336,28.0,57.5,0.487,18.3,24.8,0.741,11.3,30.5,41.7,20.1,9.4,4.2,16.0,21.1,97.8,26.3,36.0,30.0,41,25,3.2,-0.81,2.39,104.4,101.0,3.4,93.2,0.306,0.288,0.533,,0.492,14.9,26.6,0.227,,0.485,15.9,73.7,0.224,,Madison Square Garden (IV),652179,19763
Indiana Pacers*,66,242.3,35.7,81.4,0.438,5.9,16.1,0.368,29.7,65.3,0.455,20.4,26.1,0.782,12.5,31.4,43.9,18.6,7.9,5.4,14.0,21.7,97.7,26.3,42.0,24.0,41,25,3.3,-0.71,2.6,106.7,103.1,3.6,90.7,0.321,0.198,0.526,,0.474,13.1,29.2,0.251,,0.476,14.1,72.3,0.222,,Bankers Life Fieldhouse,467561,14169
Los Angeles Clippers*,66,241.9,37.0,81.3,0.455,7.8,21.8,0.357,29.2,59.5,0.49,15.8,23.3,0.68,12.1,29.4,41.6,21.0,8.4,4.8,13.3,21.2,97.5,27.3,40.0,26.0,39,27,2.56,0.26,2.82,108.5,105.7,2.8,89.2,0.287,0.269,0.533,,0.502,12.7,29.5,0.195,,0.492,14.2,73.2,0.245,,STAPLES Center,634237,19219
Los Angeles Lakers*,66,243.4,36.8,80.6,0.457,5.5,16.8,0.326,31.3,63.7,0.491,18.2,24.1,0.756,12.1,34.1,46.2,22.5,5.9,5.3,15.1,16.8,97.3,29.7,41.0,25.0,36,30,1.42,0.54,1.96,106.0,104.4,1.6,90.5,0.299,0.209,0.534,,0.491,14.2,29.1,0.226,,0.476,10.7,74.8,0.158,,STAPLES Center,626901,18997
Portland Trail Blazers,66,241.9,36.4,82.1,0.443,7.2,20.9,0.346,29.2,61.1,0.477,17.2,21.6,0.796,11.1,29.5,40.7,20.4,8.0,4.9,14.2,19.0,97.2,27.5,28.0,38.0,32,34,-0.62,0.41,-0.22,105.7,106.4,-0.7,91.2,0.263,0.255,0.531,,0.488,13.4,26.3,0.209,,0.504,14.1,72.8,0.199,,Rose Garden Arena,676384,20496
Atlanta Hawks*,66,244.9,36.8,81.0,0.454,7.5,20.2,0.37,29.3,60.9,0.482,15.5,21.0,0.74,9.9,31.3,41.2,22.4,8.1,4.6,14.0,17.8,96.6,27.9,40.0,26.0,41,25,3.44,-0.77,2.67,104.9,101.2,3.7,90.2,0.259,0.249,0.535,,0.5,13.4,23.9,0.192,,0.48,14.4,74.4,0.186,,Philips Arena,501593,15200
Chicago Bulls*,66,241.5,37.4,82.8,0.452,6.3,16.9,0.375,31.0,65.8,0.471,15.2,21.1,0.722,13.9,32.8,46.7,23.1,6.9,5.9,14.0,17.3,96.3,27.1,50.0,16.0,51,15,8.18,-0.76,7.43,107.4,98.3,9.1,89.1,0.255,0.205,0.523,,0.49,13.2,32.6,0.184,,0.45,12.8,74.3,0.175,,United Center,731326,22161
Dallas Mavericks*,66,243.4,36.3,82.0,0.443,7.5,22.2,0.339,28.8,59.8,0.482,15.6,20.2,0.771,10.1,32.7,42.8,20.9,8.6,5.1,14.0,18.6,95.8,31.3,36.0,30.0,35,31,0.95,0.83,1.78,103.3,102.3,1.0,91.4,0.246,0.271,0.527,,0.489,13.4,23.4,0.19,,0.479,13.9,74.8,0.203,,American Airlines Center,671050,20335
Memphis Grizzlies*,66,241.5,36.7,82.2,0.447,4.2,12.9,0.326,32.5,69.3,0.47,17.3,22.8,0.759,12.6,29.5,42.0,19.5,9.6,5.2,14.5,19.9,95.0,25.6,41.0,25.0,38,28,2.02,0.42,2.43,104.0,101.8,2.2,90.8,0.277,0.157,0.515,,0.473,13.6,29.8,0.211,,0.485,16.3,72.7,0.227,,FedEx Forum,518446,15710
Orlando Magic*,66,241.9,34.5,78.2,0.441,10.2,27.0,0.375,24.3,51.2,0.475,15.1,22.8,0.66,11.2,31.2,42.5,20.0,6.8,4.2,14.9,17.7,94.2,27.5,37.0,29.0,35,31,0.79,-0.33,0.46,105.0,104.1,0.9,89.0,0.292,0.346,0.533,,0.506,14.5,26.5,0.193,,0.488,12.9,75.5,0.19,,Amway Center,623587,18897
Washington Wizards,66,240.4,36.6,83.0,0.441,5.2,16.3,0.32,31.4,66.7,0.47,15.3,21.0,0.727,11.7,29.9,41.7,19.1,8.0,6.3,15.3,21.3,93.6,24.2,20.0,46.0,22,44,-4.8,-0.34,-5.14,101.0,106.2,-5.2,92.5,0.253,0.196,0.508,,0.472,14.2,27.3,0.184,,0.492,14.2,70.9,0.229,,Verizon Center,552038,16728
Philadelphia 76ers*,66,241.1,37.4,83.6,0.448,5.3,14.6,0.362,32.2,69.0,0.466,13.5,18.2,0.742,10.7,32.5,43.2,22.0,8.0,5.2,11.2,17.5,93.6,24.9,35.0,31.0,43,23,4.24,-0.65,3.59,103.9,99.2,4.7,89.7,0.217,0.175,0.511,,0.48,10.9,24.4,0.161,,0.46,13.5,75.2,0.192,,Wells Fargo Center,577597,17503
New Jersey Nets,66,240.8,34.3,80.6,0.425,7.7,22.4,0.342,26.6,58.2,0.457,16.9,21.7,0.777,11.9,28.5,40.3,19.9,7.5,3.9,15.1,19.2,93.1,26.1,22.0,44.0,19,47,-5.98,-0.39,-6.37,102.9,109.6,-6.7,90.1,0.269,0.278,0.516,,0.473,14.3,27.8,0.209,,0.513,13.7,70.7,0.209,,Prudential Center,460719,13961
Cleveland Cavaliers,66,241.9,34.3,81.2,0.422,6.7,19.3,0.346,27.6,61.9,0.446,17.8,24.9,0.716,12.7,29.5,42.3,19.8,7.1,4.0,15.4,20.0,93.0,26.0,21.0,45.0,17,49,-7.2,-0.14,-7.34,101.1,108.9,-7.8,91.3,0.307,0.238,0.505,,0.463,14.3,28.9,0.22,,0.508,13.1,72.2,0.202,,Quicken Loans Arena,525577,15927
Boston Celtics*,66,241.5,35.5,77.1,0.46,5.5,15.0,0.367,30.0,62.1,0.483,15.4,19.8,0.778,7.7,31.1,38.8,23.6,7.5,5.5,14.8,19.9,91.8,29.3,39.0,27.0,39,27,2.52,-0.26,2.26,101.0,98.2,2.8,90.4,0.257,0.194,0.535,,0.496,14.7,19.7,0.2,,0.452,14.9,72.4,0.216,,TD Garden,614592,18624
Detroit Pistons,66,241.9,34.7,79.3,0.438,4.8,13.9,0.346,29.9,65.4,0.457,16.6,22.1,0.752,11.7,28.5,40.3,18.7,7.0,4.2,15.7,19.6,90.9,26.3,25.0,41.0,22,44,-4.79,-0.4,-5.19,101.0,106.3,-5.3,89.2,0.279,0.175,0.51,,0.468,15.0,28.1,0.21,,0.5,14.2,72.8,0.226,,The Palace of Auburn Hills,475638,14413
Toronto Raptors,66,241.9,34.4,78.1,0.44,5.5,16.3,0.34,28.8,61.8,0.467,16.4,21.4,0.77,10.6,31.4,42.0,20.9,6.5,4.9,15.2,23.2,90.7,25.7,23.0,43.0,25,41,-3.3,-0.36,-3.67,100.8,104.5,-3.7,89.3,0.274,0.209,0.518,,0.475,14.8,25.9,0.211,,0.475,12.8,75.4,0.26,,Air Canada Centre,555584,16836
New Orleans Hornets,66,241.5,34.8,77.3,0.451,3.9,11.8,0.333,30.9,65.5,0.472,16.0,21.2,0.757,11.0,30.2,41.1,20.7,7.4,4.8,15.5,20.1,89.6,25.5,21.0,45.0,24,42,-3.76,0.65,-3.11,100.9,105.1,-4.2,88.3,0.274,0.152,0.517,,0.476,15.2,27.5,0.207,,0.485,13.5,73.1,0.218,,New Orleans Arena,498618,15110
Charlotte Bobcats,66,240.8,33.2,80.2,0.414,4.0,13.5,0.295,29.2,66.7,0.439,16.5,22.2,0.746,10.3,28.7,39.0,20.1,6.0,5.5,14.5,18.9,87.0,24.5,7.0,59.0,7,59,-13.91,-0.05,-13.96,95.2,110.4,-15.2,91.1,0.276,0.169,0.483,,0.439,13.9,23.6,0.206,,0.512,12.8,70.9,0.206,,Time Warner Cable Arena,486984,14757
