,MOV,3P%,DRB,FG%,ORtg,BLK,AST,FG,PTS,3P,DRB%,has_Best_Record
0,4.9,0.412,31.9,0.492,115.3,5.1,23.3,40.7,110.2,8.9,70.8,0
1,-3.6,0.375,29.2,0.469,108.1,4.1,22.4,40.6,108.8,7.7,68.5,0
2,4.09,0.359,30.5,0.468,111.8,5.1,21.0,38.1,106.5,6.6,72.4,0
3,5.34,0.364,31.6,0.491,110.7,4.9,26.7,39.4,104.2,5.4,75.6,0
4,-1.78,0.371,30.6,0.482,111.3,4.7,22.0,39.0,104.1,6.3,72.9,0
5,7.49,0.375,33.4,0.47,111.4,5.6,19.7,36.6,102.8,10.3,77.4,0
6,-1.51,0.337,30.4,0.469,108.3,4.9,18.8,39.3,102.5,4.2,73.3,0
7,-0.37,0.351,30.1,0.447,107.6,3.9,21.8,37.7,102.4,7.9,73.8,0
8,6.52,0.381,32.8,0.485,111.2,5.2,22.4,37.8,102.1,7.3,77.2,1
9,-3.82,0.346,30.2,0.455,107.6,3.7,21.6,38.1,102.1,9.1,72.1,0
10,2.72,0.372,31.5,0.464,109.2,5.5,23.4,38.3,102.0,6.8,73.7,0
11,4.72,0.341,32.5,0.457,108.8,4.9,21.1,38.3,101.7,6.5,74.4,0
12,4.66,0.36,29.9,0.468,111.9,5.0,21.8,38.8,101.7,6.4,72.7,0
13,3.49,0.34,31.8,0.462,108.3,5.9,20.0,37.4,101.5,5.1,73.6,0
14,5.09,0.358,32.0,0.473,110.0,4.6,22.3,38.4,101.4,6.8,76.3,0
15,-3.01,0.348,31.9,0.443,103.7,5.4,21.1,36.8,100.8,8.0,73.0,0
16,-2.46,0.363,29.9,0.464,107.4,3.7,22.3,38.8,100.2,7.0,73.8,0
17,-4.37,0.349,30.7,0.456,105.3,4.5,20.5,38.3,100.0,5.9,73.5,0
18,3.66,0.348,29.9,0.483,107.7,4.9,23.5,37.1,99.2,6.1,73.8,0
19,-9.6,0.341,31.2,0.449,101.7,3.7,19.8,37.9,98.2,4.9,73.6,0
20,3.3,0.354,29.1,0.461,110.8,4.3,20.4,36.3,98.1,6.0,74.8,0
21,1.7,0.356,31.2,0.436,104.9,4.7,21.2,37.2,97.7,7.9,76.4,0
22,-3.9,0.343,29.5,0.46,106.1,5.4,21.0,37.6,97.7,5.8,73.2,0
23,-1.63,0.33,33.1,0.451,103.5,5.8,20.8,37.6,97.5,4.3,74.8,0
24,2.28,0.346,31.1,0.458,106.6,5.6,18.9,36.4,96.5,6.0,74.9,0
25,-4.78,0.353,30.0,0.449,104.2,5.1,19.0,36.7,96.2,5.3,72.4,0
26,-6.35,0.332,30.5,0.455,103.3,5.7,22.1,36.6,95.7,5.9,74.0,0
27,1.46,0.346,30.4,0.453,104.4,5.4,20.2,34.9,95.3,5.6,74.2,0
28,-5.11,0.314,27.3,0.445,105.6,3.8,19.4,35.9,94.0,4.6,73.4,0
29,-9.12,0.318,28.8,0.429,100.6,4.8,18.8,34.3,92.4,4.6,71.8,0
30,4.76,0.388,32.3,0.476,112.3,4.3,22.1,38.4,107.5,8.1,75.4,0
31,0.78,0.368,30.1,0.457,110.9,5.8,21.4,38.3,106.5,9.3,71.9,0
32,2.18,0.367,31.1,0.454,111.3,4.5,23.8,38.7,105.9,8.3,72.7,0
33,-0.89,0.377,30.2,0.47,109.5,4.4,23.7,39.3,105.0,8.5,71.6,0
34,3.79,0.347,31.8,0.464,111.2,5.9,20.4,37.4,104.8,5.9,73.6,0
35,5.71,0.397,31.7,0.475,111.8,4.5,22.4,38.4,103.7,8.4,74.6,0
36,-2.33,0.392,28.9,0.461,108.2,5.0,22.5,39.6,103.4,8.4,69.3,0
37,7.46,0.37,32.5,0.481,111.7,5.2,20.0,37.0,102.1,6.7,75.5,0
38,6.11,0.352,31.9,0.463,111.0,5.1,22.0,38.1,101.5,6.4,72.3,0
39,-6.63,0.376,31.2,0.441,104.2,5.1,20.1,37.7,101.1,7.2,73.7,0
40,4.23,0.365,31.9,0.475,109.7,4.3,23.8,37.4,100.2,7.9,74.8,0
41,2.34,0.334,29.2,0.471,107.6,5.4,20.6,39.0,99.9,3.8,72.5,0
42,-1.07,0.354,32.4,0.442,104.8,5.6,19.6,36.6,99.8,7.1,74.1,0
43,-1.83,0.346,28.5,0.465,108.1,5.9,23.4,37.4,99.4,5.3,71.7,0
44,-5.34,0.335,30.8,0.449,103.5,4.8,20.4,38.2,99.4,5.2,74.4,0
45,5.46,0.366,32.7,0.461,107.9,4.7,20.0,36.0,99.2,9.4,76.9,0
46,-6.28,0.316,28.6,0.465,106.1,4.3,21.9,38.3,99.1,4.2,72.0,0
47,1.5,0.355,31.4,0.461,106.6,4.3,22.7,38.1,99.0,5.4,74.5,0
48,-3.13,0.338,30.5,0.457,105.3,4.9,22.1,36.8,98.6,6.3,73.2,0
49,7.32,0.361,32.4,0.462,108.3,5.7,22.3,37.1,98.6,6.2,76.2,1
50,-7.4,0.332,29.0,0.443,102.4,6.1,19.4,37.2,97.3,4.8,70.5,0
51,-3.6,0.376,27.3,0.46,107.7,4.0,21.1,37.3,97.0,5.8,72.1,0
52,5.37,0.365,31.0,0.486,106.2,4.2,23.4,36.9,96.5,5.0,74.7,0
53,1.52,0.345,27.2,0.447,108.8,4.4,21.2,36.0,96.3,6.3,72.0,0
54,-9.01,0.342,29.9,0.434,102.2,4.2,21.0,35.2,95.5,6.2,73.3,0
55,-0.82,0.352,30.0,0.462,106.1,4.2,22.0,36.2,95.0,6.1,74.6,0
56,0.89,0.36,30.1,0.459,106.2,4.4,20.6,35.9,94.9,5.4,76.2,0
57,-6.24,0.343,29.8,0.44,103.1,4.7,21.0,35.6,94.2,5.6,74.2,0
58,-4.0,0.327,29.8,0.451,103.4,5.3,21.1,35.0,93.3,4.8,75.2,0
59,-0.84,0.342,30.2,0.43,101.6,4.9,18.8,34.3,91.9,5.9,74.8,0
60,2.88,0.332,31.9,0.476,109.2,5.0,24.0,39.0,104.1,6.6,74.3,0
61,7.17,0.393,32.6,0.478,110.9,4.4,23.2,39.6,103.7,8.4,76.0,1
62,6.12,0.358,32.7,0.471,109.8,8.2,18.5,37.3,103.1,7.2,72.1,0
63,0.62,0.323,31.1,0.456,106.8,5.8,21.8,38.2,99.7,4.1,73.8,0
64,0.27,0.345,30.0,0.443,105.5,5.1,23.5,37.9,99.0,6.6,70.9,0
65,-5.68,0.316,29.5,0.436,103.8,4.9,19.3,37.7,98.8,6.2,70.5,0
66,5.98,0.359,31.2,0.469,106.6,5.4,20.0,37.1,98.5,5.6,73.9,0
67,-0.24,0.343,30.8,0.458,106.2,5.5,22.5,37.8,98.4,6.7,71.7,0
68,0.23,0.359,30.5,0.449,105.5,4.8,21.3,37.7,98.1,7.2,73.4,0
69,-2.2,0.332,31.7,0.433,104.3,4.4,19.5,35.7,97.9,7.2,73.0,0
70,-3.41,0.388,29.5,0.457,105.4,5.5,22.3,37.7,97.8,7.9,69.1,0
71,3.2,0.336,30.5,0.443,104.4,4.2,20.1,35.8,97.8,7.8,73.7,0
72,3.3,0.368,31.4,0.438,106.7,5.4,18.6,35.7,97.7,5.9,72.3,0
73,2.56,0.357,29.4,0.455,108.5,4.8,21.0,37.0,97.5,7.8,73.2,0
74,1.42,0.326,34.1,0.457,106.0,5.3,22.5,36.8,97.3,5.5,74.8,0
75,-0.62,0.346,29.5,0.443,105.7,4.9,20.4,36.4,97.2,7.2,72.8,0
76,3.44,0.37,31.3,0.454,104.9,4.6,22.4,36.8,96.6,7.5,74.4,0
77,8.18,0.375,32.8,0.452,107.4,5.9,23.1,37.4,96.3,6.3,74.3,1
78,0.95,0.339,32.7,0.443,103.3,5.1,20.9,36.3,95.8,7.5,74.8,0
79,2.02,0.326,29.5,0.447,104.0,5.2,19.5,36.7,95.0,4.2,72.7,0
80,0.79,0.375,31.2,0.441,105.0,4.2,20.0,34.5,94.2,10.2,75.5,0
81,-4.8,0.32,29.9,0.441,101.0,6.3,19.1,36.6,93.6,5.2,70.9,0
82,4.24,0.362,32.5,0.448,103.9,5.2,22.0,37.4,93.6,5.3,75.2,0
83,-5.98,0.342,28.5,0.425,102.9,3.9,19.9,34.3,93.1,7.7,70.7,0
84,-7.2,0.346,29.5,0.422,101.1,4.0,19.8,34.3,93.0,6.7,72.2,0
85,2.52,0.367,31.1,0.46,101.0,5.5,23.6,35.5,91.8,5.5,72.4,0
86,-4.79,0.346,28.5,0.438,101.0,4.2,18.7,34.7,90.9,4.8,72.8,0
87,-3.3,0.34,31.4,0.44,100.8,4.9,20.9,34.4,90.7,5.5,75.4,0
88,-3.76,0.333,30.2,0.451,100.9,4.8,20.7,34.8,89.6,3.9,73.1,0
89,-13.91,0.295,28.7,0.414,95.2,5.5,20.1,33.2,87.0,4.0,70.9,0
90,5.09,0.343,31.7,0.478,110.4,6.5,24.4,40.7,106.1,6.4,71.8,0
91,3.48,0.366,32.3,0.461,109.7,4.4,23.2,38.1,106.0,10.6,75.2,0
92,9.21,0.377,33.2,0.481,112.4,7.6,21.4,38.1,105.7,7.3,73.4,0
93,6.4,0.376,33.2,0.481,108.3,5.4,25.1,39.1,103.0,8.1,74.9,0
94,7.87,0.396,30.4,0.496,112.3,5.4,23.0,38.4,102.9,8.7,73.0,1
95,1.16,0.355,33.3,0.458,107.8,5.2,22.2,37.1,102.2,8.7,74.3,0
96,0.89,0.403,34.2,0.458,106.4,4.2,22.5,38.2,101.2,8.0,75.5,0
97,6.45,0.358,30.2,0.478,110.6,5.6,23.9,38.5,101.1,7.6,73.5,0
98,-0.6,0.372,32.6,0.462,105.9,5.5,23.2,38.8,101.1,7.4,73.1,0
99,-4.88,0.363,29.1,0.447,106.2,4.2,20.8,37.6,100.2,7.4,71.0,0
100,4.23,0.376,29.7,0.448,111.1,3.6,19.3,36.5,100.0,10.9,74.7,0
101,-1.5,0.36,30.9,0.435,103.6,6.7,22.9,38.1,98.9,7.3,71.3,0
102,-0.09,0.366,30.0,0.454,106.7,6.3,22.7,37.1,98.0,6.2,73.2,0
103,0.4,0.371,31.6,0.464,104.8,4.5,24.5,37.6,98.0,8.6,73.6,0
104,-3.17,0.353,30.2,0.448,105.8,4.3,21.8,36.7,97.5,8.2,73.3,0
105,-1.48,0.343,29.6,0.446,105.9,4.8,21.5,36.3,97.2,7.0,73.4,0
106,1.78,0.357,30.0,0.45,108.2,4.8,20.3,35.9,96.9,7.7,73.7,0
107,-0.22,0.358,31.3,0.465,103.1,4.5,22.8,37.0,96.5,6.1,73.3,0
108,-4.68,0.346,28.8,0.434,104.3,4.1,20.7,36.5,96.5,6.7,72.6,0
109,-2.37,0.305,30.2,0.439,102.9,4.7,22.4,35.9,95.7,5.5,74.0,0
110,-6.46,0.33,29.9,0.443,101.2,5.3,22.6,37.3,95.2,5.9,71.9,0
111,-3.99,0.356,30.0,0.449,103.8,4.9,21.2,36.3,94.9,6.3,73.0,0
112,4.02,0.347,33.0,0.436,104.3,6.3,20.3,35.1,94.7,6.9,74.6,0
113,-3.87,0.363,29.6,0.448,105.7,5.4,21.0,36.0,94.1,6.5,74.4,0
114,-6.99,0.329,31.9,0.448,101.6,4.4,22.8,37.7,94.1,6.2,74.6,0
115,4.15,0.345,29.8,0.444,104.9,5.3,20.9,36.1,93.4,4.7,74.3,0
116,-9.23,0.335,29.1,0.425,101.5,5.8,19.4,34.4,93.4,5.7,71.1,0
117,-3.34,0.36,30.4,0.444,102.0,4.7,22.8,37.3,93.2,6.3,73.4,0
118,0.32,0.353,30.7,0.437,103.5,5.1,23.0,35.7,93.2,5.4,73.6,0
119,-2.54,0.365,32.3,0.435,100.2,4.6,21.6,35.5,93.2,6.6,74.6,0
120,6.98,0.352,32.5,0.474,112.1,4.8,24.6,39.1,107.9,8.5,72.5,0
121,4.56,0.358,34.1,0.472,111.0,5.6,21.4,38.0,107.7,9.5,74.1,0
122,2.67,0.341,32.2,0.444,108.9,3.6,23.9,38.9,106.9,7.3,74.4,0
123,3.99,0.372,34.0,0.45,111.5,4.7,23.2,39.1,106.7,9.4,74.7,0
124,6.34,0.361,33.9,0.471,110.5,6.1,21.9,39.0,106.2,8.1,75.6,0
125,7.72,0.397,34.0,0.486,110.5,5.1,25.2,40.6,105.4,8.5,76.4,1
126,2.63,0.372,31.7,0.463,109.5,4.6,19.1,38.7,105.2,9.3,73.7,0
127,2.4,0.384,30.7,0.474,111.2,4.3,23.6,39.6,104.8,8.8,72.7,0
128,-2.15,0.358,33.1,0.447,106.0,5.6,22.4,38.4,104.4,8.6,74.5,0
129,4.8,0.38,34.4,0.462,107.5,5.0,23.3,39.5,104.3,9.4,76.3,0
130,-6.29,0.381,32.0,0.45,104.2,5.4,24.5,38.3,103.0,9.4,71.0,0
131,4.76,0.364,29.2,0.501,110.9,4.5,22.5,38.3,102.2,8.1,73.0,0
132,3.24,0.372,31.1,0.445,108.8,4.2,21.2,36.5,101.3,8.7,74.9,0
133,-0.48,0.363,31.3,0.458,105.9,4.0,24.9,37.3,101.0,9.4,74.4,0
134,-3.66,0.321,30.8,0.447,105.9,4.8,20.9,38.8,101.0,6.2,73.4,0
135,1.27,0.38,31.4,0.459,106.0,4.6,23.3,38.7,100.7,7.9,75.7,0
136,-2.9,0.333,32.4,0.447,105.7,3.9,18.9,36.9,100.5,6.0,76.6,0
137,-2.71,0.373,30.3,0.459,107.2,6.4,21.3,37.8,99.7,5.9,73.8,0
138,-10.45,0.312,31.2,0.435,99.4,4.0,21.8,37.9,99.5,7.0,72.4,0
139,-0.79,0.372,29.7,0.449,108.3,4.5,20.0,36.9,98.6,9.3,74.3,0
140,-1.0,0.369,29.4,0.459,106.7,3.8,20.9,35.7,98.5,8.6,72.3,0
141,-3.29,0.356,32.1,0.437,104.2,3.7,21.2,37.0,98.2,7.1,75.8,0
142,-0.22,0.351,33.2,0.442,103.6,5.1,21.7,36.3,96.9,6.3,77.6,0
143,4.4,0.357,34.5,0.449,104.1,5.4,20.1,36.0,96.7,6.7,76.8,0
144,-5.44,0.353,32.4,0.445,101.7,4.3,21.0,36.9,96.5,6.9,75.5,0
145,-4.46,0.333,30.5,0.435,102.9,4.2,21.0,36.5,96.2,7.0,74.2,0
146,1.57,0.353,30.8,0.464,106.3,4.6,21.9,38.1,96.1,4.9,75.7,0
147,-8.18,0.353,29.3,0.438,103.0,4.9,21.5,36.0,95.5,6.7,71.4,0
148,-7.17,0.344,30.2,0.444,103.5,4.5,20.3,36.0,95.0,6.6,74.5,0
149,1.85,0.348,32.7,0.432,102.5,5.2,22.7,34.7,93.7,6.2,75.4,0
150,10.1,0.398,34.3,0.478,111.6,6.0,27.4,41.6,110.0,10.8,74.5,1
151,6.59,0.376,33.1,0.473,112.4,5.0,24.8,39.4,106.7,10.1,75.7,0
152,2.9,0.352,31.8,0.463,109.5,4.5,22.5,39.7,105.2,8.9,72.2,0
153,2.18,0.339,34.7,0.447,107.8,5.5,20.5,38.8,104.0,7.7,75.6,0
154,3.07,0.352,30.8,0.455,111.0,4.4,20.7,37.9,104.0,8.9,73.3,0
155,3.44,0.348,32.0,0.444,107.0,5.0,22.2,37.0,103.9,11.4,72.9,0
156,6.2,0.367,33.8,0.468,108.5,5.4,24.4,39.1,103.2,8.3,77.3,0
157,4.48,0.367,31.9,0.458,111.1,4.1,22.1,37.7,103.1,10.1,74.7,0
158,4.23,0.362,35.1,0.45,108.2,4.5,21.9,38.7,102.8,9.8,76.2,0
159,5.43,0.38,31.8,0.466,108.9,4.6,25.7,38.1,102.5,10.0,73.4,0
160,-0.9,0.341,32.2,0.452,105.3,4.7,20.2,38.8,102.4,8.5,73.5,0
161,-3.55,0.325,32.4,0.433,104.5,4.5,21.8,37.8,101.5,8.0,74.7,0
162,0.16,0.327,32.7,0.443,104.7,3.6,24.5,38.9,101.4,8.0,75.0,0
163,-3.71,0.341,33.3,0.455,105.3,4.0,20.3,36.7,101.3,5.6,75.2,0
164,3.0,0.353,34.0,0.442,107.5,5.8,21.7,36.6,100.8,7.9,74.4,0
165,0.79,0.37,32.0,0.457,108.2,6.2,22.0,37.9,99.4,7.1,75.1,0
166,0.72,0.36,34.2,0.462,103.7,4.6,24.0,38.3,98.5,6.1,77.3,0
167,-6.84,0.344,32.3,0.435,103.4,4.5,20.9,37.2,98.5,6.5,76.3,0
168,-1.0,0.344,32.1,0.432,105.3,4.7,21.6,37.1,98.5,8.6,75.0,0
169,3.24,0.339,32.1,0.458,105.7,4.2,21.7,37.8,98.3,5.2,75.3,0
170,-2.88,0.331,32.0,0.451,104.4,4.1,20.9,37.4,98.0,6.6,73.7,0
171,-8.79,0.332,29.3,0.438,102.9,4.0,21.6,36.4,97.8,5.0,71.6,0
172,0.43,0.363,31.4,0.459,102.7,4.9,23.6,37.6,97.8,6.6,73.3,0
173,0.28,0.352,34.4,0.439,103.5,4.6,21.4,36.6,97.3,7.5,77.9,0
174,-5.72,0.347,31.8,0.453,101.6,3.8,20.6,37.5,95.7,6.8,76.0,0
175,0.22,0.343,31.9,0.447,105.1,6.0,19.9,35.4,95.1,7.4,76.3,0
176,-2.6,0.335,30.0,0.456,103.9,4.5,19.8,35.2,94.7,6.8,73.4,0
177,-3.17,0.318,34.1,0.42,100.1,5.5,20.2,35.5,94.2,6.1,79.3,0
178,-8.98,0.32,30.9,0.408,95.5,5.9,20.5,33.7,92.0,8.4,73.0,0
179,-9.32,0.347,29.8,0.428,99.9,4.7,21.3,35.1,91.9,6.8,73.1,0
180,10.76,0.416,36.2,0.487,114.5,6.1,28.9,42.5,114.9,13.1,76.0,1
181,7.28,0.349,35.6,0.476,113.1,5.9,23.0,41.1,110.2,8.3,76.0,0
182,-2.48,0.359,33.7,0.464,106.0,4.5,24.5,40.0,106.6,8.0,74.9,0
183,0.2,0.347,31.7,0.452,108.3,5.2,22.2,37.7,106.5,10.7,72.8,0
184,3.21,0.335,33.3,0.439,106.8,4.2,24.2,39.2,105.7,8.7,74.6,0
185,0.83,0.37,33.9,0.45,108.8,4.6,21.3,38.6,105.1,10.5,76.2,0
186,4.28,0.364,33.3,0.465,108.3,5.6,22.8,38.3,104.5,9.7,73.8,0
187,6.0,0.362,33.9,0.46,110.9,3.9,22.7,38.7,104.3,10.7,78.5,0
188,-0.5,0.358,32.8,0.46,105.3,3.9,24.5,39.5,104.1,8.6,77.7,0
189,10.63,0.375,34.5,0.484,110.3,5.9,24.5,40.1,103.5,7.0,79.1,0
190,2.72,0.362,35.0,0.439,107.2,5.3,21.7,37.0,103.4,10.6,79.8,0
191,3.61,0.35,33.8,0.458,105.1,5.9,25.6,38.6,102.8,9.9,74.6,0
192,4.5,0.37,33.2,0.451,110.0,5.5,18.7,36.7,102.7,8.6,77.7,0
193,-3.79,0.36,33.1,0.448,105.6,4.2,22.2,38.5,102.7,8.6,78.8,0
194,-3.54,0.338,31.5,0.464,106.5,4.6,23.4,37.7,102.4,5.5,74.7,0
195,-0.3,0.344,33.9,0.444,106.7,3.7,22.1,37.4,102.3,9.8,76.2,0
196,1.71,0.351,33.9,0.45,104.6,4.8,21.2,38.3,102.2,8.1,76.0,0
197,-1.62,0.35,33.0,0.455,105.1,5.1,23.6,39.5,102.1,7.8,76.5,0
198,0.61,0.345,33.9,0.439,106.1,3.7,19.4,37.9,102.0,9.0,79.3,0
199,-3.1,0.338,33.1,0.442,105.6,4.8,22.7,37.7,101.9,8.0,77.3,0
200,-1.48,0.371,35.2,0.441,105.0,5.7,22.8,38.6,101.6,7.9,74.9,0
201,-6.66,0.348,33.3,0.435,102.2,3.8,20.7,37.2,100.9,9.0,77.1,0
202,1.65,0.336,34.3,0.47,106.1,6.5,20.8,38.4,100.0,6.1,77.8,0
203,-2.24,0.331,30.5,0.44,105.4,4.3,20.7,36.8,99.1,6.1,75.1,0
204,-4.18,0.345,31.2,0.467,104.3,5.8,23.1,38.4,99.0,5.4,73.1,0
205,-7.35,0.352,31.9,0.453,103.2,4.0,22.3,38.2,98.6,6.5,75.7,0
206,-2.73,0.346,34.0,0.439,104.6,5.7,20.5,36.9,98.4,7.4,75.8,0
207,1.79,0.355,32.5,0.449,105.9,5.2,19.0,36.1,97.7,8.5,77.7,0
208,-10.23,0.339,31.8,0.431,98.8,6.0,21.5,36.2,97.4,9.3,74.0,0
209,-9.56,0.317,32.3,0.414,101.6,4.1,18.0,35.1,97.3,7.8,74.7,0
210,11.63,0.383,35.0,0.495,115.6,6.8,30.4,43.1,115.9,12.0,74.9,1
211,5.77,0.357,33.5,0.462,114.7,4.3,25.2,40.3,115.3,14.4,75.8,0
212,0.51,0.368,34.6,0.469,113.2,3.9,25.3,41.2,111.7,10.6,78.7,0
213,3.18,0.384,34.4,0.47,113.6,4.0,22.7,39.9,110.3,13.0,75.8,0
214,1.8,0.372,32.6,0.475,111.2,4.1,23.9,41.3,109.2,9.2,75.5,0
215,4.29,0.375,34.0,0.475,112.7,4.2,22.5,39.5,108.7,10.3,76.9,0
216,2.63,0.359,32.9,0.454,111.2,4.1,25.2,38.6,108.0,12.0,75.3,0
217,-0.52,0.375,33.5,0.459,110.3,5.0,21.1,39.5,107.9,10.4,76.8,0
218,-5.63,0.332,33.1,0.45,106.6,4.9,19.6,39.9,107.7,7.5,76.4,0
219,4.21,0.363,32.6,0.464,112.3,4.9,18.5,39.2,106.9,8.8,76.3,0
220,0.76,0.327,34.4,0.452,108.3,5.0,21.0,39.5,106.6,8.4,79.0,0
221,-6.73,0.338,35.1,0.444,104.1,4.7,21.4,37.8,105.8,10.7,76.1,0
222,-1.11,0.349,31.0,0.467,110.8,4.5,23.7,39.5,105.6,7.3,75.9,0
223,7.2,0.391,33.9,0.469,111.1,5.9,23.8,39.3,105.3,9.2,77.6,0
224,-0.22,0.376,33.0,0.465,108.6,5.0,22.5,39.3,105.1,8.6,75.5,0
225,0.2,0.351,34.8,0.442,108.8,4.8,23.1,37.7,104.9,10.0,79.6,0
226,-6.88,0.346,32.1,0.45,106.0,3.9,20.9,39.3,104.6,8.9,75.8,0
227,-2.1,0.35,35.1,0.45,105.2,5.5,22.8,39.1,104.3,9.4,76.8,0
228,-3.67,0.348,33.2,0.447,107.7,5.5,21.8,39.6,104.3,8.6,74.1,0
229,-0.18,0.37,31.6,0.474,109.1,5.3,24.2,38.8,103.6,8.8,75.4,0
230,-0.85,0.341,34.1,0.451,104.9,4.8,23.6,38.1,103.2,8.9,76.1,0
231,1.06,0.365,33.0,0.455,107.8,5.7,21.2,39.0,103.2,9.9,76.4,0
232,0.43,0.34,34.1,0.444,107.4,4.8,22.6,38.6,102.9,7.6,76.8,0
233,-3.88,0.376,32.3,0.461,107.3,4.0,22.5,37.9,102.8,9.0,76.3,0
234,-5.7,0.34,33.0,0.442,103.2,5.1,23.8,37.7,102.4,10.1,75.3,0
235,-1.12,0.33,34.6,0.449,106.0,3.8,21.1,39.9,101.3,7.7,81.2,0
236,-6.57,0.328,33.3,0.44,103.7,4.8,22.2,38.3,101.1,8.5,77.4,0
237,3.94,0.372,33.8,0.466,109.6,5.0,20.1,37.0,100.7,9.6,78.9,0
238,0.49,0.354,32.0,0.435,107.7,4.2,21.3,36.4,100.5,9.4,77.5,0
239,-2.93,0.355,30.7,0.44,105.6,3.7,20.8,36.2,97.9,10.7,77.6,0
240,5.98,0.391,35.1,0.503,113.6,7.5,29.3,42.8,113.5,11.3,76.3,0
241,8.48,0.362,34.5,0.46,114.7,4.8,21.5,38.7,112.4,15.3,79.9,1
242,1.3,0.362,35.7,0.483,109.6,5.9,26.8,42.7,111.7,10.2,76.7,0
243,7.78,0.358,34.2,0.472,113.8,6.1,24.3,41.3,111.7,11.8,77.7,0
244,0.94,0.372,33.7,0.476,112.9,3.8,23.4,40.4,110.9,12.0,77.3,0
245,1.48,0.371,33.5,0.47,112.5,4.9,25.1,40.7,110.0,11.5,77.5,0
246,4.5,0.369,36.5,0.472,109.5,5.1,27.1,40.8,109.8,11.0,78.6,0
247,2.23,0.357,31.6,0.476,113.4,4.2,22.7,41.0,109.5,8.0,76.4,0
248,0.04,0.354,33.7,0.471,110.3,4.5,22.3,40.3,109.0,9.5,76.1,0
249,0.26,0.369,35.4,0.45,109.4,4.5,21.6,39.0,108.2,10.0,80.7,0
250,-1.55,0.345,35.7,0.461,106.5,4.7,23.8,40.7,108.1,10.0,77.7,0
251,3.41,0.354,32.6,0.453,110.7,5.0,21.3,39.9,107.9,10.7,77.4,0
252,0.59,0.375,33.1,0.467,109.3,4.3,25.2,39.9,106.6,9.9,77.1,0
253,-3.74,0.356,34.8,0.441,106.9,4.8,23.7,38.2,106.6,12.7,77.0,0
254,-0.3,0.355,31.5,0.478,109.8,5.4,23.2,39.7,106.5,8.8,75.9,0
255,1.38,0.369,32.7,0.472,109.5,4.1,22.2,40.8,105.6,9.0,76.2,0
256,2.6,0.366,35.3,0.452,109.1,5.2,19.5,39.3,105.6,10.3,79.1,0
257,-3.56,0.352,33.6,0.464,107.1,5.1,23.3,40.7,104.5,8.2,76.7,0
258,4.3,0.366,34.2,0.462,108.4,5.1,22.4,38.3,104.1,10.8,79.8,0
259,3.59,0.377,35.1,0.45,107.6,4.5,22.5,38.3,104.0,11.5,78.4,0
260,-9.37,0.334,33.9,0.442,103.5,4.5,21.3,38.5,103.9,9.3,76.5,0
261,-0.15,0.373,33.6,0.45,107.2,3.9,22.8,39.1,103.8,10.8,78.5,0
262,0.48,0.36,34.2,0.455,106.8,5.3,22.7,38.8,103.4,11.0,79.0,0
263,-4.82,0.351,32.8,0.452,105.2,4.9,23.4,38.8,103.4,10.3,75.6,0
264,-5.45,0.36,32.8,0.446,105.0,4.2,23.7,38.2,103.4,11.2,76.2,0
265,-7.04,0.355,35.0,0.435,103.8,3.5,23.5,38.7,102.9,11.0,80.6,0
266,2.89,0.352,33.9,0.457,107.9,5.6,22.8,39.0,102.7,8.5,78.6,0
267,-3.04,0.36,33.1,0.444,106.3,3.8,22.7,38.1,102.3,11.8,78.9,0
268,-6.21,0.352,31.0,0.444,104.5,4.8,21.5,36.7,99.3,9.2,76.5,0
269,-6.99,0.375,31.4,0.45,103.7,4.1,21.6,38.8,98.8,9.0,77.6,0
270,8.87,0.353,40.4,0.476,113.8,5.9,26.0,43.4,118.1,13.5,80.3,1
271,6.46,0.385,36.5,0.491,115.9,6.4,29.4,44.0,117.7,13.3,77.1,0
272,-1.33,0.344,36.2,0.473,111.4,5.4,27.0,43.7,115.4,10.3,76.8,0
273,2.7,0.359,36.9,0.471,112.6,5.3,26.9,41.5,115.2,10.8,78.6,0
274,0.85,0.388,35.8,0.471,112.4,4.7,24.0,41.3,115.1,10.0,76.0,0
275,4.2,0.359,36.2,0.467,114.7,5.0,23.0,42.3,114.7,11.0,77.9,0
276,3.4,0.348,35.5,0.454,110.3,5.2,23.4,42.6,114.5,11.4,78.2,0
277,6.09,0.366,35.6,0.474,113.1,5.3,25.4,42.2,114.4,12.4,77.1,0
278,-1.12,0.378,34.4,0.464,110.4,4.4,25.4,43.2,114.2,11.3,75.5,0
279,-2.9,0.341,32.7,0.468,111.1,4.6,26.3,42.1,114.0,11.3,74.1,0
280,4.77,0.356,31.9,0.449,115.5,4.9,21.2,39.2,113.9,16.1,74.4,0
281,-6.02,0.352,34.5,0.451,108.1,5.1,25.8,41.4,113.3,13.0,76.4,0
282,-1.5,0.351,33.5,0.456,111.4,5.0,24.6,41.6,112.5,10.1,74.9,0
283,4.44,0.365,34.7,0.465,112.2,5.3,26.3,42.1,112.4,12.6,77.0,0
284,-0.07,0.353,35.6,0.449,109.6,4.1,23.8,40.3,112.2,12.8,76.4,0
285,-1.72,0.333,36.4,0.47,107.8,5.4,25.6,42.6,111.8,10.3,76.4,0
286,1.68,0.392,35.5,0.478,112.9,4.7,24.5,42.3,111.7,9.9,79.4,0
287,5.26,0.356,36.4,0.468,110.9,5.9,26.0,40.4,111.7,12.1,80.3,0
288,3.95,0.351,34.5,0.466,113.0,4.4,27.4,41.9,110.7,11.0,78.0,0
289,-1.1,0.351,33.9,0.448,111.4,4.9,23.2,40.2,110.7,11.9,77.1,0
290,-1.28,0.34,35.2,0.447,109.4,4.3,23.4,38.8,108.9,12.5,77.5,0
291,3.33,0.374,33.7,0.475,109.9,4.9,26.0,41.3,108.0,9.5,76.2,0
292,-9.34,0.329,31.3,0.459,105.9,5.1,23.9,40.1,107.5,9.6,72.5,0
293,0.71,0.356,35.4,0.454,108.9,5.4,25.5,40.4,107.3,11.4,79.7,0
294,-0.24,0.348,33.6,0.44,109.0,4.0,22.5,38.8,107.0,12.1,78.7,0
295,-0.23,0.349,35.1,0.45,107.3,5.5,24.3,39.6,105.7,11.3,77.6,0
296,-8.41,0.351,34.1,0.453,104.8,4.3,21.9,39.8,104.9,9.1,77.3,0
297,-9.21,0.34,34.3,0.433,104.5,5.1,20.1,38.2,104.6,10.0,76.1,0
298,-9.61,0.355,31.9,0.444,107.7,2.4,20.7,38.9,104.5,10.3,77.0,0
299,-2.6,0.342,33.0,0.45,106.1,5.5,23.9,38.0,103.5,9.9,77.6,0
300,10.08,0.355,42.2,0.476,112.4,5.9,25.9,43.3,118.7,13.8,81.6,1
301,2.96,0.345,34.5,0.451,112.9,5.2,21.6,40.8,117.8,15.6,75.6,0
302,4.95,0.367,36.4,0.461,116.7,4.8,24.7,41.7,117.0,15.1,77.7,0
303,6.44,0.371,37.0,0.466,113.9,4.7,23.7,41.6,116.3,12.4,77.6,0
304,-1.29,0.37,35.4,0.465,110.7,5.0,26.8,42.6,115.8,13.6,77.8,0
305,-1.15,0.377,35.1,0.463,113.7,6.1,20.6,42.2,115.0,12.9,75.3,0
306,-4.67,0.368,31.9,0.457,110.9,4.3,25.0,41.5,114.4,12.0,75.3,0
307,-1.11,0.376,35.6,0.472,112.4,5.5,24.7,42.2,114.1,10.7,79.2,0
308,6.31,0.364,35.4,0.461,113.3,5.6,23.0,41.3,113.7,12.6,77.4,0
309,0.22,0.358,33.8,0.468,111.7,4.0,27.2,41.2,113.6,11.4,78.8,0
310,5.79,0.349,35.1,0.48,112.0,6.6,25.4,42.3,113.4,11.0,78.8,0
311,-4.3,0.336,34.3,0.441,108.1,5.7,23.8,40.4,113.3,13.3,77.2,0
312,6.24,0.374,35.9,0.458,111.1,5.0,25.2,40.2,112.8,13.8,76.7,0
313,-1.07,0.347,36.2,0.468,109.2,5.5,26.9,42.5,112.6,10.9,77.8,0
314,2.95,0.379,35.9,0.468,112.5,4.5,25.9,39.5,112.0,13.4,79.5,0
315,-7.97,0.333,33.4,0.449,107.2,5.1,24.0,40.6,111.8,12.0,74.9,0
316,-0.57,0.343,37.3,0.448,108.9,4.5,24.5,40.4,111.8,13.1,77.8,0
317,2.11,0.359,33.4,0.473,113.1,4.6,26.7,42.0,111.3,11.0,76.8,0
318,2.47,0.38,35.8,0.471,112.3,4.1,22.4,40.1,111.3,13.4,78.9,0
319,2.38,0.368,35.0,0.468,111.3,5.3,25.8,41.1,110.7,11.6,80.3,0
320,1.99,0.355,34.7,0.468,110.8,4.9,21.7,40.0,110.4,10.7,76.8,0
321,-2.04,0.364,32.9,0.462,110.2,4.1,23.8,40.9,110.1,12.7,78.4,0
322,1.96,0.363,34.1,0.476,110.0,5.2,25.9,42.1,109.4,10.2,76.7,0
323,-1.01,0.343,34.2,0.444,108.5,5.4,23.9,39.3,107.3,11.1,79.1,0
324,-3.56,0.367,32.0,0.459,109.0,4.5,24.1,39.3,107.2,12.0,75.9,0
325,-7.89,0.351,33.4,0.458,107.5,3.2,23.1,40.3,106.9,11.2,77.4,0
326,-3.08,0.348,31.4,0.447,106.7,4.1,23.2,39.6,106.8,12.2,75.6,0
327,-8.71,0.334,32.9,0.438,105.2,4.6,25.6,38.6,106.3,10.4,76.4,0
328,-6.45,0.337,34.5,0.447,106.5,4.7,22.1,40.0,105.8,9.6,78.3,0
329,-6.75,0.352,31.8,0.434,106.3,4.1,23.8,37.3,102.9,12.1,74.4,0
330,5.89,0.389,37.8,0.487,117.2,4.6,25.5,44.7,120.1,14.4,79.7,0
331,4.5,0.392,35.5,0.494,118.3,5.3,26.8,43.1,118.6,14.2,77.3,0
332,-1.83,0.351,35.5,0.475,111.2,4.1,25.5,43.2,116.6,10.2,77.6,0
333,9.25,0.389,37.6,0.468,117.6,5.2,23.7,41.3,116.4,16.7,79.3,1
334,1.79,0.385,33.9,0.453,117.8,5.0,21.3,41.3,116.1,15.7,77.5,0
335,5.82,0.378,34.2,0.49,117.2,4.3,26.9,43.3,115.3,13.1,78.5,0
336,-0.04,0.364,33.7,0.474,112.4,6.4,27.4,43.3,115.3,12.3,74.9,0
337,4.93,0.377,33.9,0.485,117.1,4.5,26.8,43.3,115.1,12.9,78.9,0
338,-0.29,0.348,35.7,0.477,113.5,4.4,26.0,42.5,114.6,10.6,80.0,0
339,6.18,0.411,34.7,0.482,117.6,4.1,24.4,41.8,114.0,14.3,79.1,0
340,2.32,0.373,35.1,0.468,115.7,4.8,24.1,40.8,113.7,12.4,77.8,0
341,-3.68,0.364,32.0,0.481,113.6,5.0,25.5,42.6,113.7,12.1,75.0,0
342,1.06,0.376,35.1,0.468,111.1,4.8,27.7,41.3,113.7,14.6,76.6,0
343,5.58,0.374,35.0,0.476,113.2,6.2,23.7,41.4,113.6,11.3,78.2,0
344,1.03,0.356,35.3,0.467,112.0,5.1,26.9,42.8,113.3,11.2,78.3,0
345,1.46,0.374,33.6,0.466,114.0,5.3,23.5,41.5,112.6,13.6,78.1,0
346,2.26,0.362,34.2,0.47,115.4,4.3,22.9,41.1,112.4,13.8,77.8,0
347,-5.56,0.349,33.0,0.448,109.5,5.5,25.6,40.7,112.1,13.1,76.8,0
348,-0.47,0.368,32.1,0.448,112.0,5.4,24.1,39.7,111.3,14.5,76.3,0
349,-1.74,0.35,34.6,0.462,111.0,5.1,24.4,41.9,111.1,9.9,77.3,0
350,-0.89,0.37,35.3,0.476,111.1,4.2,26.8,42.2,110.7,12.6,80.3,0
351,2.79,0.354,34.6,0.472,109.9,5.4,24.7,40.6,109.5,11.1,79.7,0
352,-1.93,0.369,33.2,0.455,110.9,4.8,26.8,39.9,109.5,13.7,75.7,0
353,-7.9,0.339,33.3,0.444,107.1,5.0,23.6,39.3,108.8,13.8,77.1,0
354,0.03,0.358,33.5,0.468,111.2,4.0,26.3,39.2,108.1,12.9,77.9,0
355,2.31,0.392,35.5,0.456,110.6,5.1,21.4,39.4,107.0,11.8,78.6,0
356,-4.47,0.351,33.1,0.452,108.0,5.2,24.2,38.7,106.6,11.6,76.9,0
357,-10.64,0.339,35.7,0.441,103.5,4.4,22.1,38.8,105.0,11.9,77.9,0
358,-9.31,0.343,35.1,0.429,105.1,4.4,21.8,38.3,104.0,10.9,78.2,0
359,-8.44,0.336,32.3,0.45,105.8,4.5,23.8,38.6,103.8,10.0,76.6,0
360,2.63,0.358,32.9,0.457,114.3,5.6,25.7,41.6,115.9,14.8,74.9,0
361,5.68,0.353,35.0,0.461,114.6,6.5,26.0,43.5,115.6,11.5,77.8,0
362,3.35,0.366,36.5,0.468,115.1,4.0,23.9,41.8,115.5,14.1,78.6,0
363,0.44,0.365,33.7,0.468,114.1,4.9,28.1,42.8,115.3,13.9,74.8,0
364,7.5,0.364,35.5,0.485,114.8,4.4,27.4,43.7,114.8,11.6,77.1,1
365,1.56,0.374,33.9,0.47,116.5,4.2,24.6,41.5,113.9,12.9,76.9,0
366,6.04,0.36,35.6,0.471,116.7,4.9,22.4,40.6,113.6,14.5,78.3,0
367,0.12,0.352,34.3,0.467,112.4,4.9,27.9,43.2,113.2,11.3,75.1,0
368,0.78,0.361,34.1,0.475,113.6,5.5,25.3,42.0,112.9,11.5,75.1,0
369,2.3,0.353,34.9,0.483,114.5,3.7,27.8,41.7,112.7,12.7,78.3,0
370,-3.05,0.347,34.5,0.469,110.3,5.2,24.0,41.6,112.1,12.0,75.8,0
371,7.28,0.356,35.5,0.466,114.4,5.8,24.8,40.7,111.8,13.2,77.3,0
372,-0.39,0.369,33.7,0.48,113.2,4.1,23.9,41.7,111.6,10.6,78.3,0
373,-3.48,0.344,32.6,0.463,112.6,5.6,25.4,41.4,111.5,12.2,76.2,0
374,5.54,0.364,35.7,0.469,112.5,4.5,27.1,40.5,111.0,14.3,78.7,0
375,-5.46,0.344,33.4,0.46,109.9,4.5,23.7,40.5,110.3,11.4,76.0,0
376,4.45,0.379,33.9,0.467,113.7,3.2,25.5,39.6,110.0,13.6,78.0,0
377,2.61,0.364,33.8,0.466,113.5,5.3,23.7,39.4,109.9,11.6,76.8,0
378,-8.48,0.349,32.4,0.456,108.4,4.7,23.6,39.4,109.7,13.5,74.4,0
379,2.29,0.349,32.0,0.445,112.9,4.6,22.1,40.6,109.4,11.9,75.6,0
380,-0.99,0.332,33.2,0.457,112.0,4.0,25.0,40.2,109.3,10.6,78.2,0
381,-3.38,0.342,34.1,0.472,111.1,5.0,25.0,40.6,108.6,10.5,76.9,0
382,0.02,0.374,34.9,0.458,110.1,5.0,24.0,40.1,108.4,12.8,74.4,0
383,3.3,0.35,33.8,0.461,112.8,4.0,23.4,39.3,108.0,13.1,78.0,0
384,2.12,0.355,34.0,0.469,111.9,4.2,25.2,39.7,107.8,11.6,76.5,0
385,-0.12,0.357,34.6,0.437,110.4,4.9,21.9,37.7,106.5,13.2,78.8,0
386,-8.88,0.346,32.5,0.442,107.8,4.5,22.9,38.5,106.2,12.7,76.9,0
387,-7.72,0.326,32.0,0.431,106.0,4.8,23.5,38.2,104.8,11.3,75.6,0
388,-8.0,0.331,35.2,0.434,104.5,4.5,23.7,38.3,104.2,12.2,77.2,0
389,-8.1,0.323,35.2,0.43,104.6,4.6,22.2,38.3,103.7,12.1,76.1,0
390,2.65,0.369,32.9,0.494,119.4,3.4,27.3,43.6,120.7,13.8,77.2,0
391,1.8,0.385,34.1,0.479,116.1,3.9,29.8,43.1,118.9,16.6,76.0,0
392,0.29,0.352,33.2,0.483,116.6,4.9,25.0,44.6,118.4,10.8,75.8,0
393,6.52,0.377,35.6,0.475,118.0,5.2,26.7,42.2,117.9,16.0,78.5,0
394,1.09,0.356,32.3,0.465,115.2,4.2,24.4,43.1,117.5,12.1,72.9,0
395,0.57,0.346,35.7,0.482,114.5,4.6,25.3,42.9,117.2,10.8,76.3,0
396,-0.94,0.353,34.1,0.473,115.8,5.2,26.0,42.5,117.1,13.3,75.2,0
397,3.94,0.351,34.6,0.475,115.1,5.8,26.0,43.7,116.9,12.0,75.9,0
398,3.63,0.368,37.5,0.473,115.4,4.9,25.8,42.7,116.9,14.8,77.8,1
399,-3.18,0.367,31.4,0.469,114.6,5.8,27.0,42.0,116.3,13.6,72.2,0
400,2.93,0.354,34.0,0.47,117.8,4.1,22.9,42.0,116.0,12.6,77.1,0
401,3.33,0.379,32.9,0.504,117.6,4.5,28.9,43.6,115.8,11.8,76.4,0
402,-0.04,0.365,32.8,0.49,113.7,5.4,26.2,42.9,115.8,12.2,74.3,0
403,4.32,0.387,32.2,0.487,117.7,4.7,25.2,40.8,115.2,12.6,77.2,0
404,1.89,0.364,33.1,0.48,114.4,4.1,25.9,42.0,114.4,11.0,77.4,0
405,0.07,0.371,31.2,0.475,116.8,3.7,22.9,40.0,114.2,15.2,75.5,0
406,2.07,0.374,32.4,0.467,115.1,5.3,27.3,42.1,113.6,12.2,76.0,0
407,0.5,0.381,33.4,0.477,115.0,4.4,23.9,41.1,113.6,12.7,76.6,0
408,-4.01,0.365,31.1,0.474,114.8,4.6,24.2,40.5,113.4,12.9,74.9,0
409,0.85,0.378,32.3,0.487,115.0,6.2,25.5,41.5,113.4,12.8,73.7,0
410,-1.21,0.356,34.2,0.485,114.4,5.2,25.4,42.1,113.2,11.3,76.1,0
411,1.29,0.361,33.9,0.49,113.5,4.5,24.5,42.5,113.1,10.4,77.8,0
412,-10.04,0.345,31.9,0.465,110.2,3.9,27.2,43.1,113.0,11.1,74.9,0
413,1.48,0.335,30.3,0.459,115.5,5.2,23.9,41.9,112.9,10.7,76.7,0
414,5.38,0.367,31.4,0.488,116.1,4.7,24.9,41.6,112.3,11.6,76.3,0
415,-2.56,0.346,33.1,0.47,111.6,4.7,23.2,40.5,111.4,10.8,77.7,0
416,-6.24,0.33,33.5,0.457,109.2,5.2,25.1,41.3,111.0,10.7,75.5,0
417,-7.85,0.327,32.9,0.457,111.4,4.6,22.4,40.6,110.7,10.4,75.8,0
418,-8.22,0.351,31.3,0.454,110.7,3.8,23.0,39.6,110.3,11.4,74.0,0
419,-0.32,0.344,30.9,0.46,113.0,3.0,23.8,39.2,109.5,12.0,77.7,0
420,3.05,0.374,31.4,0.507,121.0,5.9,30.8,47.0,123.3,13.2,74.1,0
421,11.34,0.388,35.6,0.487,123.2,6.6,26.9,43.9,120.6,16.5,76.3,1
422,7.41,0.389,33.2,0.499,119.5,6.6,27.1,44.5,120.1,13.3,73.8,0
423,2.62,0.373,34.8,0.487,118.4,5.0,26.5,43.1,119.0,14.2,77.2,0
424,-2.18,0.364,32.2,0.465,117.2,4.5,26.6,43.0,118.3,13.7,75.2,0
425,0.6,0.377,34.9,0.499,115.9,5.5,28.5,43.7,118.0,11.8,76.2,0
426,2.21,0.369,33.2,0.481,117.6,5.0,25.7,43.1,117.9,14.6,75.2,0
427,2.61,0.38,34.6,0.477,117.8,4.6,29.3,43.7,117.8,14.8,76.1,0
428,1.74,0.366,33.2,0.477,116.9,4.2,28.3,43.3,116.6,14.4,78.4,0
429,3.06,0.382,33.9,0.493,117.6,6.0,27.0,42.5,116.2,12.4,75.6,0
430,-4.89,0.354,33.2,0.467,115.5,5.6,27.2,42.0,115.7,12.9,75.2,0
431,3.28,0.381,32.9,0.489,118.8,5.0,25.6,42.4,115.6,12.6,74.8,0
432,4.41,0.383,33.6,0.486,117.4,4.6,27.0,42.5,115.1,12.5,76.9,0
433,5.26,0.374,33.7,0.496,118.5,5.6,29.5,44.0,114.9,11.7,75.6,0
434,3.05,0.363,31.9,0.464,116.9,6.0,24.9,41.5,114.6,12.1,74.3,0
435,1.12,0.352,34.0,0.459,114.5,4.6,24.8,41.8,114.3,12.7,76.0,0
436,-9.29,0.348,31.9,0.47,110.5,5.1,27.9,43.0,113.7,12.4,72.5,0
437,6.45,0.387,34.2,0.485,115.6,6.1,26.6,41.3,113.0,12.6,76.9,0
438,4.59,0.369,32.5,0.465,118.2,4.1,24.4,41.3,112.8,13.2,76.1,0
439,2.41,0.367,33.4,0.479,115.2,4.6,28.0,41.8,112.6,13.5,76.9,0
440,-6.44,0.347,31.8,0.471,112.3,4.7,28.5,42.3,112.4,11.5,73.9,0
441,-1.44,0.358,32.6,0.47,114.9,4.8,25.0,42.0,112.3,11.5,76.4,0
442,-6.49,0.347,33.9,0.462,110.0,6.3,29.9,41.9,112.1,12.6,76.4,0
443,2.02,0.352,31.8,0.476,113.4,5.2,24.7,40.5,110.5,11.0,78.1,0
444,-2.89,0.362,32.6,0.456,113.2,5.2,25.6,40.7,110.4,13.3,76.0,0
445,1.76,0.37,33.0,0.465,114.0,3.4,25.8,39.8,110.1,12.5,78.1,0
446,-9.11,0.348,32.8,0.463,109.7,4.7,25.5,40.9,109.9,11.0,77.3,0
447,-10.24,0.355,31.0,0.46,109.3,4.5,24.8,40.0,106.6,12.1,74.5,0
448,-9.02,0.345,30.1,0.439,108.3,4.3,23.1,39.4,106.4,11.5,74.0,0
449,-7.0,0.346,31.7,0.435,107.2,6.1,24.7,38.4,105.8,13.1,74.8,0
